{"Training Loss":0.3286611687587786,"Training Accuracy":90.12,"_timestamp":1.730734650237097e+09,"Validation Loss":0.10636721645729451,"Validation Accuracy":96.86,"_wandb":{"runtime":409},"_runtime":409.5179161,"_step":1}