{"Training Accuracy":81.47592592592592,"_timestamp":1.7307333542404416e+09,"_runtime":72.7748381,"_step":1,"Validation Loss":0.40594333346853867,"Validation Accuracy":87.11666666666666,"_wandb":{"runtime":72},"Training Loss":0.5902613821435031}